<?xml version="1.0" encoding="UTF-8"?>
<!DOCTYPE hibernate-mapping PUBLIC "-//Hibernate/Hibernate Mapping DTD 3.0//EN" 
"http://hibernate.sourceforge.net/hibernate-mapping-3.0.dtd">
<hibernate-mapping>
	<class name="School" table="schools">
		<id name="id" column="id" type="long">
			<generator class="native"></generator>
		</id>
		<set name="classes" cascade="all">
			<key column="school_id" />
			<one-to-many class="SchoolClass" />
		</set>
		<property name="name" column="name" type="string"></property>
		<property name="address" column="address" type="string"></property>

	</class>
</hibernate-mapping>