<?xml version="1.0" encoding="UTF-8"?>
<!DOCTYPE hibernate-mapping PUBLIC "-//Hibernate/Hibernate Mapping DTD 3.0//EN" 
"http://hibernate.sourceforge.net/hibernate-mapping-3.0.dtd">
<hibernate-mapping>
<class name="SchoolClass" table="schoolClasses">
	<id name="id" column="id" type="long">
		<generator class="native"></generator>
	</id>
	<set name="students" cascade="all">
			<key column="class_id" />
			<one-to-many class="Student" />
		</set>
	<property name="profile" column="profile" type="string"></property>
	<property name="currentYear" column="currentYear" type="integer"></property>
	<property name="startYear" column="startYear" type="integer"></property>
	
	
</class>
</hibernate-mapping>